t,accCmpX,accCmpY,accCmpZ
0,2.78901,-1.72064,-10.7949
1,3.20811,-3.62375,-11.1528
2,3.62079,-5.34499,-11.4047
3,4.10652,-6.651,-11.204
4,4.58374,-7.67396,-11.2253
5,2.93403,-8.92135,-11.1896
6,1.27493,-9.39665,-10.6133
7,0.518924,-1.96462,-6.9858
8,-0.249425,7.18935,-7.15979
9,-1.02362,8.28227,-10.1176
10,-3.67662,1.28361,-4.69539
11,-5.68014,-5.14441,-12.0645
12,-5.45891,-5.99244,-9.76993
13,-5.15411,-6.30845,-8.62033
