t,velX,velY,velZ,vel
0,-0.0706236,-0.374193,0.0337686,1.65754
